Period,Strategy,Parameters,NetProfit,Trades,Win%,ProfitFactor,Expectancy,MaxDD,Sharpe,MAR
Training,ORB 15-Min,duration=15,-58993.37,1246,0.48,0.00,-47.35,58993.37,-43.27,-1.00
Training,ORB 30-Min,duration=30,-52825.29,1126,0.09,0.00,-46.91,52825.29,-49.13,-1.00
Training,ORB 45-Min,duration=45,-49376.37,1045,0.00,0.00,-47.25,49376.37,-53.17,-1.00
Training,EMA Trend 10/50,fast=10;slow=50,204790529.52,11325,95.06,3159.62,18083.05,990.44,56.35,206766.76
Training,EMA Trend 10/100,fast=10;slow=100,321018956.55,17379,96.79,5119.89,18471.66,817.59,71.00,392641.59
Training,EMA Trend 10/200,fast=10;slow=200,485623618.59,25825,97.90,8190.51,18804.40,878.95,89.11,552504.24
Training,EMA Trend 20/50,fast=20;slow=50,242704019.59,13184,95.78,3787.46,18408.98,986.39,61.18,246052.45
Training,EMA Trend 20/100,fast=20;slow=100,341401635.34,18415,96.95,5457.39,18539.32,835.44,73.42,408648.25
Training,EMA Trend 20/200,fast=20;slow=200,500719109.63,26572,98.01,8532.49,18843.86,564.36,90.91,887236.49
Training,EMA Trend 30/50,fast=30;slow=50,270493458.56,14593,96.20,4333.02,18535.84,802.26,64.67,337164.96
Training,EMA Trend 30/100,fast=30;slow=100,365645960.47,19736,97.19,5891.30,18526.85,699.24,76.32,522916.58
Training,EMA Trend 30/200,fast=30;slow=200,517747442.79,27375,98.07,8764.38,18913.15,1103.88,92.80,469023.74
Training,SuperTrend 10/2.0,period=10;multiplier=2.0,60114208.09,3922,85.90,903.13,15327.44,1009.99,30.58,59519.36
Training,SuperTrend 10/3.0,period=10;multiplier=3.0,102452093.70,6086,90.90,1536.48,16834.06,1009.99,39.87,101438.30
Training,SuperTrend 10/4.0,period=10;multiplier=4.0,170318311.07,9483,94.12,2605.39,17960.38,1009.99,51.17,168632.97
Training,SuperTrend 14/2.0,period=14;multiplier=2.0,53839953.78,3608,84.73,808.53,14922.38,1009.99,28.98,53307.19
Training,SuperTrend 14/3.0,period=14;multiplier=3.0,93531927.88,5642,90.18,1401.17,16577.80,1009.99,38.15,92606.41
Training,SuperTrend 14/4.0,period=14;multiplier=4.0,155753727.42,8768,93.66,2365.65,17763.88,1009.99,49.01,154212.50
Training,RSI 14,period=14,86473421.86,5264,89.53,1484.23,16427.32,1093.01,37.52,79114.75
Training,RSI 21,period=21,75292260.60,4510,89.96,1629.38,16694.51,1063.56,39.52,70792.89
Training,VWAP 200,period=200,0.00,0,0.00,0.00,0.00,0.00,0.00,0.00
Validation,ORB 15-Min,duration=15,-17871.41,373,0.80,0.00,-47.91,17871.41,-37.46,-1.00
Validation,ORB 30-Min,duration=30,-15900.55,329,0.30,0.00,-48.33,15900.55,-43.19,-1.00
Validation,ORB 45-Min,duration=45,-14613.35,304,0.33,0.00,-48.07,14613.35,-46.22,-1.00
Validation,EMA Trend 10/50,fast=10;slow=50,69512600.49,3084,94.46,3504.73,22539.75,989.26,53.56,70267.44
Validation,EMA Trend 10/100,fast=10;slow=100,109385394.05,4741,96.29,5503.56,23072.22,607.98,67.42,179916.39
Validation,EMA Trend 10/200,fast=10;slow=200,179866757.26,7599,97.88,9828.71,23669.79,515.54,89.07,348890.36
Validation,EMA Trend 20/50,fast=20;slow=50,82847114.21,3635,95.21,4135.63,22791.50,664.12,58.53,124747.05
Validation,EMA Trend 20/100,fast=20;slow=100,119909437.34,5160,96.63,5966.20,23238.26,617.78,70.64,194097.00
Validation,EMA Trend 20/200,fast=20;slow=200,196806765.84,8289,98.08,10971.32,23743.13,604.33,93.36,325659.72
Validation,EMA Trend 30/50,fast=30;slow=50,90954076.20,3968,95.59,4515.50,22921.89,1008.09,61.34,90224.59
Validation,EMA Trend 30/100,fast=30;slow=100,130180332.62,5574,96.90,6516.09,23354.92,606.18,73.56,214754.21
Validation,EMA Trend 30/200,fast=30;slow=200,215971435.47,9080,98.30,12779.29,23785.40,562.69,98.95,383820.94
Validation,SuperTrend 10/2.0,period=10;multiplier=2.0,24710034.01,1256,86.70,1250.84,19673.59,789.05,31.92,31316.29
Validation,SuperTrend 10/3.0,period=10;multiplier=3.0,42716880.66,1988,91.60,2151.46,21487.36,763.18,41.95,55972.22
Validation,SuperTrend 10/4.0,period=10;multiplier=4.0,66195533.57,2947,94.20,3395.71,22462.01,763.18,52.25,86736.47
Validation,SuperTrend 14/2.0,period=14;multiplier=2.0,22961198.05,1185,85.91,1160.37,19376.54,789.05,30.78,29099.90
Validation,SuperTrend 14/3.0,period=14;multiplier=3.0,40344321.82,1891,91.22,2033.45,21334.91,763.18,40.76,52863.44
Validation,SuperTrend 14/4.0,period=14;multiplier=4.0,62330152.15,2786,93.90,3178.81,22372.63,763.18,50.67,81671.63
Validation,RSI 14,period=14,32804242.13,1576,88.71,1853.12,20814.87,697.87,37.09,47006.23
Validation,RSI 21,period=21,25235562.89,1221,88.12,1841.67,20667.95,565.50,36.44,44625.13
Validation,VWAP 200,period=200,0.00,0,0.00,0.00,0.00,0.00,0.00,0.00
Forward,ORB 15-Min,duration=15,-11562.72,238,2.10,0.01,-48.58,11562.72,-35.29,-1.00
Forward,ORB 30-Min,duration=30,-11338.21,225,0.00,0.00,-50.39,11338.21,-45.34,-1.00
Forward,ORB 45-Min,duration=45,-10514.67,213,0.00,0.00,-49.36,10514.67,-49.17,-1.00
Forward,EMA Trend 10/50,fast=10;slow=50,69654098.60,3049,96.59,5035.79,22844.90,675.05,67.73,103183.53
Forward,EMA Trend 10/100,fast=10;slow=100,103179834.88,4435,97.66,7578.24,23264.90,589.43,82.65,175051.54
Forward,EMA Trend 10/200,fast=10;slow=200,165119862.22,6990,98.63,14046.51,23622.30,589.43,107.69,280136.97
Forward,EMA Trend 20/50,fast=20;slow=50,79273182.89,3456,97.05,5837.16,22937.84,629.19,72.58,125992.16
Forward,EMA Trend 20/100,fast=20;slow=100,110967430.78,4752,97.81,8069.57,23351.73,739.37,85.65,150083.74
Forward,EMA Trend 20/200,fast=20;slow=200,161580362.60,6835,98.62,13712.07,23640.14,739.37,107.19,218537.86
Forward,EMA Trend 30/50,fast=30;slow=50,89737507.25,3883,97.35,6603.90,23110.35,652.13,77.13,137607.59
Forward,EMA Trend 30/100,fast=30;slow=100,119965140.95,5122,98.03,9136.83,23421.54,739.37,89.94,162253.17
Forward,EMA Trend 30/200,fast=30;slow=200,168407408.82,7118,98.72,14668.75,23659.37,544.67,110.61,309192.06
Forward,SuperTrend 10/2.0,period=10;multiplier=2.0,20052573.82,992,89.62,1382.60,20214.29,803.56,36.36,24954.61
Forward,SuperTrend 10/3.0,period=10;multiplier=3.0,35919295.78,1646,93.62,2512.27,21822.17,822.12,48.58,43691.29
Forward,SuperTrend 10/4.0,period=10;multiplier=4.0,59553033.27,2612,96.02,4112.05,22799.78,822.12,62.39,72438.76
Forward,SuperTrend 14/2.0,period=14;multiplier=2.0,19202662.27,957,89.24,1328.48,20065.48,960.40,35.59,19994.47
Forward,SuperTrend 14/3.0,period=14;multiplier=3.0,30388166.68,1417,92.52,2070.38,21445.42,823.97,44.68,36880.36
Forward,SuperTrend 14/4.0,period=14;multiplier=4.0,57708734.75,2539,95.94,4006.52,22728.92,822.12,61.46,70195.40
Forward,RSI 14,period=14,17871344.49,892,87.89,1308.22,20035.14,662.12,34.12,26991.27
Forward,RSI 21,period=21,15615028.13,773,88.62,1372.73,20200.55,691.69,35.05,22575.03
Forward,VWAP 200,period=200,0.00,0,0.00,0.00,0.00,0.00,0.00,0.00
